{
    "$schema": "https://schema.management.azure.com/schemas/2015-01-01/deploymentParameters.json#",
    "contentVersion": "1.0.0.0",
    "parameters": {
        "resourceName": {
            "value": "myfirstakscluster"
        },
        "location": {
            "value": "centralus"
        },
        "dnsPrefix": {
            "value": "myfirstakscluster-dns"
        },
        "agentCount": {
            "value": 1
        },
        "agentVMSize": {
            "value": "Standard_B2ms"
        },
        "servicePrincipalClientId": {
            "value": null
        },
        "servicePrincipalClientSecret": {
            "value": null
        },
        "kubernetesVersion": {
            "value": "1.14.8"
        },
        "networkPlugin": {
            "value": "kubenet"
        },
        "enableRBAC": {
            "value": true
        },
        "aadSessionKey": {
            "value": null
        },
        "enableHttpApplicationRouting": {
            "value": false
        },
        "vmssNodePool": {
            "value": true
        },
        "workspaceName": {
            "value": "DefaultWorkspace-a5580f20-3321-4b06-93ef-7ab30b7cfd81-CUS"
        },
        "omsWorkspaceId": {
            "value": "/subscriptions/a5580f20-3321-4b06-93ef-7ab30b7cfd81/resourceGroups/DefaultResourceGroup-CUS/providers/Microsoft.OperationalInsights/workspaces/DefaultWorkspace-a5580f20-3321-4b06-93ef-7ab30b7cfd81-CUS"
        },
        "workspaceRegion": {
            "value": "centralus"
        },
        "principalId": {
            "value": "8bf843a0-8f41-4045-9390-184738896094"
        }
    }
}